{
    "accuracy": 0.8333333333333334,
    "precision": 1.0,
    "recall": 0.8333333333333334,
    "roc_auc": null
}